columna,rol,descripcion
id_cliente,identificador,ID original único; excluir de predictores
LIMIT_BAL,predictor numerico,"Límite de crédito informado, TWD; incluye crédito individual y suplementario familiar según fuente"
PAY_0,predictor categorico,"Estado de pago de septiembre de 2005; -1 oportuno, 1..8 demora en meses, 9 nueve o más; -2 y 0 no documentados en ficha"
PAY_2,predictor categorico,"Estado de pago de agosto de 2005; -1 oportuno, 1..8 demora en meses, 9 nueve o más; -2 y 0 no documentados en ficha"
PAY_3,predictor categorico,"Estado de pago de julio de 2005; -1 oportuno, 1..8 demora en meses, 9 nueve o más; -2 y 0 no documentados en ficha"
PAY_4,predictor categorico,"Estado de pago de junio de 2005; -1 oportuno, 1..8 demora en meses, 9 nueve o más; -2 y 0 no documentados en ficha"
PAY_5,predictor categorico,"Estado de pago de mayo de 2005; -1 oportuno, 1..8 demora en meses, 9 nueve o más; -2 y 0 no documentados en ficha"
PAY_6,predictor categorico,"Estado de pago de abril de 2005; -1 oportuno, 1..8 demora en meses, 9 nueve o más; -2 y 0 no documentados en ficha"
BILL_AMT1,predictor numerico,"Importe de estado de cuenta de septiembre de 2005, TWD; conservar signo, causa de negativos no determinada"
PAY_AMT1,predictor numerico,"Importe pagado en septiembre de 2005, TWD"
BILL_AMT2,predictor numerico,"Importe de estado de cuenta de agosto de 2005, TWD; conservar signo, causa de negativos no determinada"
PAY_AMT2,predictor numerico,"Importe pagado en agosto de 2005, TWD"
BILL_AMT3,predictor numerico,"Importe de estado de cuenta de julio de 2005, TWD; conservar signo, causa de negativos no determinada"
PAY_AMT3,predictor numerico,"Importe pagado en julio de 2005, TWD"
BILL_AMT4,predictor numerico,"Importe de estado de cuenta de junio de 2005, TWD; conservar signo, causa de negativos no determinada"
PAY_AMT4,predictor numerico,"Importe pagado en junio de 2005, TWD"
BILL_AMT5,predictor numerico,"Importe de estado de cuenta de mayo de 2005, TWD; conservar signo, causa de negativos no determinada"
PAY_AMT5,predictor numerico,"Importe pagado en mayo de 2005, TWD"
BILL_AMT6,predictor numerico,"Importe de estado de cuenta de abril de 2005, TWD; conservar signo, causa de negativos no determinada"
PAY_AMT6,predictor numerico,"Importe pagado en abril de 2005, TWD"
incumplimiento,objetivo,"1 incumplimiento del mes siguiente, 0 no; etiqueta provista, sin definición contractual completa en ficha"
